ISO3,ISO2,Country,AE group,AE,Region
AFG,AF,Afghanistan,Coen Kooyman,Coen Kooyman,South Asia
ALB,AL,Albania,Yonno Paalhaar,Yonno Paalhaar,Eastern Europe
DZA,DZ,Algeria,Kars Veldhoen,Kars Veldhoen,Africa
ASM,AS,American Samoa,Coen Kooyman,Coen Kooyman,Oceania/Pacific
AND,AD,Andorra,Clément Fradet,Clément Fradet,Southern Europe
AGO,AO,Angola,Kars Veldhoen,Kars Veldhoen,Africa
AIA,AI,Anguilla,AMER pool,Drew Samson / Michael Fotinatos / Nick Niemec / Randy Skipper,North America
ATA,AQ,Antarctica,Coen Kooyman,Coen Kooyman,Oceania/Pacific
ATG,AG,Antigua and Barbuda,AMER pool,Drew Samson / Michael Fotinatos / Nick Niemec / Randy Skipper,North America
ARG,AR,Argentina,AMER pool,Drew Samson / Michael Fotinatos / Nick Niemec / Randy Skipper,South America
ARM,AM,Armenia,Kars Veldhoen,Kars Veldhoen,Middle East
ABW,AW,Aruba,AMER pool,Drew Samson / Michael Fotinatos / Nick Niemec / Randy Skipper,North America
AUS,AU,Australia,Coen Kooyman,Coen Kooyman,Oceania/Pacific
AUT,AT,Austria,Xenia Gangl,Xenia Gangl,DACH
AZE,AZ,Azerbaijan,Kars Veldhoen,Kars Veldhoen,Middle East
BHS,BS,Bahamas,AMER pool,Drew Samson / Michael Fotinatos / Nick Niemec / Randy Skipper,North America
BHR,BH,Bahrain,Kars Veldhoen,Kars Veldhoen,Middle East
BGD,BD,Bangladesh,Coen Kooyman,Coen Kooyman,South Asia
BRB,BB,Barbados,AMER pool,Drew Samson / Michael Fotinatos / Nick Niemec / Randy Skipper,North America
BLR,BY,Belarus,Yonno Paalhaar,Yonno Paalhaar,Eastern Europe
BEL,BE,Belgium,Kars Veldhoen,Kars Veldhoen,Benelux
BLZ,BZ,Belize,AMER pool,Drew Samson / Michael Fotinatos / Nick Niemec / Randy Skipper,North America
BEN,BJ,Benin,Kars Veldhoen,Kars Veldhoen,Africa
BMU,BM,Bermuda,AMER pool,Drew Samson / Michael Fotinatos / Nick Niemec / Randy Skipper,North America
BTN,BT,Bhutan,Coen Kooyman,Coen Kooyman,South Asia
BOL,BO,Bolivia,AMER pool,Drew Samson / Michael Fotinatos / Nick Niemec / Randy Skipper,South America
BIH,BA,Bosnia and Herzegovina,Yonno Paalhaar,Yonno Paalhaar,Eastern Europe
BWA,BW,Botswana,Kars Veldhoen,Kars Veldhoen,Africa
BVT,BV,Bouvet Island,Kars Veldhoen,Kars Veldhoen,Africa
BRA,BR,Brazil,AMER pool,Drew Samson / Michael Fotinatos / Nick Niemec / Randy Skipper,South America
IOT,IO,British Indian Ocean Territory,Coen Kooyman,Coen Kooyman,South Asia
VGB,VG,British Virgin Islands,AMER pool,Drew Samson / Michael Fotinatos / Nick Niemec / Randy Skipper,North America
BRN,BN,Brunei,Coen Kooyman,Coen Kooyman,Southeast Asia
BGR,BG,Bulgaria,Yonno Paalhaar,Yonno Paalhaar,Eastern Europe
BFA,BF,Burkina Faso,Kars Veldhoen,Kars Veldhoen,Africa
BDI,BI,Burundi,Kars Veldhoen,Kars Veldhoen,Africa
KHM,KH,Cambodia,Coen Kooyman,Coen Kooyman,Southeast Asia
CMR,CM,Cameroon,Kars Veldhoen,Kars Veldhoen,Africa
CAN,CA,Canada,AMER pool,Drew Samson / Michael Fotinatos / Nick Niemec / Randy Skipper,North America
CPV,CV,Cape Verde,Kars Veldhoen,Kars Veldhoen,Africa
BES,BQ,Caribbean Netherlands,AMER pool,Drew Samson / Michael Fotinatos / Nick Niemec / Randy Skipper,North America
CYM,KY,Cayman Islands,AMER pool,Drew Samson / Michael Fotinatos / Nick Niemec / Randy Skipper,North America
CAF,CF,Central African Republic,Kars Veldhoen,Kars Veldhoen,Africa
TCD,TD,Chad,Kars Veldhoen,Kars Veldhoen,Africa
CHL,CL,Chile,AMER pool,Drew Samson / Michael Fotinatos / Nick Niemec / Randy Skipper,South America
CHN,CN,China,Coen Kooyman,Coen Kooyman,East Asia
CXR,CX,Christmas Island,Coen Kooyman,Coen Kooyman,Oceania/Pacific
CCK,CC,Cocos (Keeling) Islands,Coen Kooyman,Coen Kooyman,Oceania/Pacific
COL,CO,Colombia,AMER pool,Drew Samson / Michael Fotinatos / Nick Niemec / Randy Skipper,South America
COM,KM,Comoros,Kars Veldhoen,Kars Veldhoen,Africa
COG,CG,Congo,Kars Veldhoen,Kars Veldhoen,Africa
COK,CK,Cook Islands,Coen Kooyman,Coen Kooyman,Oceania/Pacific
CRI,CR,Costa Rica,AMER pool,Drew Samson / Michael Fotinatos / Nick Niemec / Randy Skipper,North America
CIV,CI,Cote d'Ivoire,Kars Veldhoen,Kars Veldhoen,Africa
HRV,HR,Croatia,Yonno Paalhaar,Yonno Paalhaar,Eastern Europe
CUB,CU,Cuba,AMER pool,Drew Samson / Michael Fotinatos / Nick Niemec / Randy Skipper,North America
CUW,CW,Curaçao,AMER pool,Drew Samson / Michael Fotinatos / Nick Niemec / Randy Skipper,North America
CYP,CY,Cyprus,Clément Fradet,Clément Fradet,Southern Europe
CZE,CZ,Czech Republic,Yonno Paalhaar,Yonno Paalhaar,Eastern Europe
COD,CD,Democratic Republic of the Congo,Kars Veldhoen,Kars Veldhoen,Africa
DNK,DK,Denmark,Yonno Paalhaar,Yonno Paalhaar,Nordics
DJI,DJ,Djibouti,Kars Veldhoen,Kars Veldhoen,Africa
DMA,DM,Dominica,AMER pool,Drew Samson / Michael Fotinatos / Nick Niemec / Randy Skipper,North America
DOM,DO,Dominican Republic,AMER pool,Drew Samson / Michael Fotinatos / Nick Niemec / Randy Skipper,North America
TLS,TL,East Timor,Coen Kooyman,Coen Kooyman,Southeast Asia
ECU,EC,Ecuador,AMER pool,Drew Samson / Michael Fotinatos / Nick Niemec / Randy Skipper,South America
EGY,EG,Egypt,Kars Veldhoen,Kars Veldhoen,Africa
SLV,SV,El Salvador,AMER pool,Drew Samson / Michael Fotinatos / Nick Niemec / Randy Skipper,North America
GNQ,GQ,Equatorial Guinea,Kars Veldhoen,Kars Veldhoen,Africa
ERI,ER,Eritrea,Kars Veldhoen,Kars Veldhoen,Africa
EST,EE,Estonia,Yonno Paalhaar,Yonno Paalhaar,Baltics
SWZ,SZ,Eswatini,Kars Veldhoen,Kars Veldhoen,Africa
ETH,ET,Ethiopia,Kars Veldhoen,Kars Veldhoen,Africa
FLK,FK,Falkland Islands,AMER pool,Drew Samson / Michael Fotinatos / Nick Niemec / Randy Skipper,South America
FRO,FO,Faroe Islands,Yonno Paalhaar,Yonno Paalhaar,Nordics
FJI,FJ,Fiji,Coen Kooyman,Coen Kooyman,Oceania/Pacific
FIN,FI,Finland,Yonno Paalhaar,Yonno Paalhaar,Nordics
FRA,FR,France,Clément Fradet,Clément Fradet,Southern Europe
GUF,GF,French Guiana,AMER pool,Drew Samson / Michael Fotinatos / Nick Niemec / Randy Skipper,South America
PYF,PF,French Polynesia,Coen Kooyman,Coen Kooyman,Oceania/Pacific
ATF,TF,French Southern and Antarctic Lands,Kars Veldhoen,Kars Veldhoen,Africa
GAB,GA,Gabon,Kars Veldhoen,Kars Veldhoen,Africa
GMB,GM,Gambia,Kars Veldhoen,Kars Veldhoen,Africa
GEO,GE,Georgia,Kars Veldhoen,Kars Veldhoen,Middle East
DEU,DE,Germany,Xenia Gangl,Xenia Gangl,DACH
GHA,GH,Ghana,Kars Veldhoen,Kars Veldhoen,Africa
GIB,GI,Gibraltar,Coen Kooyman & Oliver DiRisi,Coen Kooyman / Oliver DiRisi,UK&I
GRC,GR,Greece,Clément Fradet,Clément Fradet,Southern Europe
GRL,GL,Greenland,Yonno Paalhaar,Yonno Paalhaar,Nordics
GRD,GD,Grenada,AMER pool,Drew Samson / Michael Fotinatos / Nick Niemec / Randy Skipper,North America
GLP,GP,Guadeloupe,AMER pool,Drew Samson / Michael Fotinatos / Nick Niemec / Randy Skipper,North America
GUM,GU,Guam,Coen Kooyman,Coen Kooyman,Oceania/Pacific
GTM,GT,Guatemala,AMER pool,Drew Samson / Michael Fotinatos / Nick Niemec / Randy Skipper,North America
GGY,GG,Guernsey,Coen Kooyman & Oliver DiRisi,Coen Kooyman / Oliver DiRisi,UK&I
GIN,GN,Guinea,Kars Veldhoen,Kars Veldhoen,Africa
GNB,GW,Guinea-Bissau,Kars Veldhoen,Kars Veldhoen,Africa
GUY,GY,Guyana,AMER pool,Drew Samson / Michael Fotinatos / Nick Niemec / Randy Skipper,South America
HTI,HT,Haiti,AMER pool,Drew Samson / Michael Fotinatos / Nick Niemec / Randy Skipper,North America
HMD,HM,Heard Island and McDonald Islands,Coen Kooyman,Coen Kooyman,Oceania/Pacific
HND,HN,Honduras,AMER pool,Drew Samson / Michael Fotinatos / Nick Niemec / Randy Skipper,North America
HKG,HK,Hong Kong,Coen Kooyman,Coen Kooyman,East Asia
HUN,HU,Hungary,Yonno Paalhaar,Yonno Paalhaar,Eastern Europe
ISL,IS,Iceland,Yonno Paalhaar,Yonno Paalhaar,Nordics
IND,IN,India,Coen Kooyman,Coen Kooyman,South Asia
IDN,ID,Indonesia,Coen Kooyman,Coen Kooyman,Southeast Asia
IRN,IR,Iran,Kars Veldhoen,Kars Veldhoen,Middle East
IRQ,IQ,Iraq,Kars Veldhoen,Kars Veldhoen,Middle East
IRL,IE,Ireland,Coen Kooyman & Oliver DiRisi,Coen Kooyman / Oliver DiRisi,UK&I
IMN,IM,Isle of Man,Coen Kooyman & Oliver DiRisi,Coen Kooyman / Oliver DiRisi,UK&I
ISR,IL,Israel,Kars Veldhoen,Kars Veldhoen,Middle East
ITA,IT,Italy,Clément Fradet,Clément Fradet,Southern Europe
JAM,JM,Jamaica,AMER pool,Drew Samson / Michael Fotinatos / Nick Niemec / Randy Skipper,North America
JPN,JP,Japan,Coen Kooyman,Coen Kooyman,East Asia
JEY,JE,Jersey,Coen Kooyman & Oliver DiRisi,Coen Kooyman / Oliver DiRisi,UK&I
JOR,JO,Jordan,Kars Veldhoen,Kars Veldhoen,Middle East
KAZ,KZ,Kazakhstan,Coen Kooyman,Coen Kooyman,Central Asia
KEN,KE,Kenya,Kars Veldhoen,Kars Veldhoen,Africa
KIR,KI,Kiribati,Coen Kooyman,Coen Kooyman,Oceania/Pacific
XKX,XK,Kosovo,Yonno Paalhaar,Yonno Paalhaar,Eastern Europe
KWT,KW,Kuwait,Kars Veldhoen,Kars Veldhoen,Middle East
KGZ,KG,Kyrgyzstan,Coen Kooyman,Coen Kooyman,Central Asia
LAO,LA,Laos,Coen Kooyman,Coen Kooyman,Southeast Asia
LVA,LV,Latvia,Yonno Paalhaar,Yonno Paalhaar,Baltics
LBN,LB,Lebanon,Kars Veldhoen,Kars Veldhoen,Middle East
LSO,LS,Lesotho,Kars Veldhoen,Kars Veldhoen,Africa
LBR,LR,Liberia,Kars Veldhoen,Kars Veldhoen,Africa
LBY,LY,Libya,Kars Veldhoen,Kars Veldhoen,Africa
LIE,LI,Liechtenstein,Xenia Gangl,Xenia Gangl,DACH
LTU,LT,Lithuania,Yonno Paalhaar,Yonno Paalhaar,Baltics
LUX,LU,Luxembourg,Kars Veldhoen,Kars Veldhoen,Benelux
MAC,MO,Macau,Coen Kooyman,Coen Kooyman,East Asia
MDG,MG,Madagascar,Kars Veldhoen,Kars Veldhoen,Africa
MWI,MW,Malawi,Kars Veldhoen,Kars Veldhoen,Africa
MYS,MY,Malaysia,Coen Kooyman,Coen Kooyman,Southeast Asia
MDV,MV,Maldives,Coen Kooyman,Coen Kooyman,South Asia
MLI,ML,Mali,Kars Veldhoen,Kars Veldhoen,Africa
MLT,MT,Malta,Clément Fradet,Clément Fradet,Southern Europe
MHL,MH,Marshall Islands,Coen Kooyman,Coen Kooyman,Oceania/Pacific
MTQ,MQ,Martinique,AMER pool,Drew Samson / Michael Fotinatos / Nick Niemec / Randy Skipper,North America
MRT,MR,Mauritania,Kars Veldhoen,Kars Veldhoen,Africa
MUS,MU,Mauritius,Kars Veldhoen,Kars Veldhoen,Africa
MYT,YT,Mayotte,Kars Veldhoen,Kars Veldhoen,Africa
MEX,MX,Mexico,AMER pool,Drew Samson / Michael Fotinatos / Nick Niemec / Randy Skipper,North America
FSM,FM,Micronesia,Coen Kooyman,Coen Kooyman,Oceania/Pacific
MDA,MD,Moldova,Yonno Paalhaar,Yonno Paalhaar,Eastern Europe
MCO,MC,Monaco,Clément Fradet,Clément Fradet,Southern Europe
MNG,MN,Mongolia,Coen Kooyman,Coen Kooyman,East Asia
MNE,ME,Montenegro,Yonno Paalhaar,Yonno Paalhaar,Eastern Europe
MSR,MS,Montserrat,AMER pool,Drew Samson / Michael Fotinatos / Nick Niemec / Randy Skipper,North America
MAR,MA,Morocco,Kars Veldhoen,Kars Veldhoen,Africa
MOZ,MZ,Mozambique,Kars Veldhoen,Kars Veldhoen,Africa
MMR,MM,Myanmar (Burma),Coen Kooyman,Coen Kooyman,Southeast Asia
NAM,NA,Namibia,Kars Veldhoen,Kars Veldhoen,Africa
NRU,NR,Nauru,Coen Kooyman,Coen Kooyman,Oceania/Pacific
NPL,NP,Nepal,Coen Kooyman,Coen Kooyman,South Asia
NLD,NL,Netherlands,Kars Veldhoen,Kars Veldhoen,Benelux
,,Netherlands Antilles,AMER pool,Drew Samson / Michael Fotinatos / Nick Niemec / Randy Skipper,North America
NCL,NC,New Caledonia,Coen Kooyman,Coen Kooyman,Oceania/Pacific
NZL,NZ,New Zealand,Coen Kooyman,Coen Kooyman,Oceania/Pacific
NIC,NI,Nicaragua,AMER pool,Drew Samson / Michael Fotinatos / Nick Niemec / Randy Skipper,North America
NER,NE,Niger,Kars Veldhoen,Kars Veldhoen,Africa
NGA,NG,Nigeria,Kars Veldhoen,Kars Veldhoen,Africa
NIU,NU,Niue,Coen Kooyman,Coen Kooyman,Oceania/Pacific
NFK,NF,Norfolk Island,Coen Kooyman,Coen Kooyman,Oceania/Pacific
PRK,KP,North Korea,Coen Kooyman,Coen Kooyman,East Asia
MKD,MK,North Macedonia,Yonno Paalhaar,Yonno Paalhaar,Eastern Europe
MNP,MP,Northern Mariana Islands,Coen Kooyman,Coen Kooyman,Oceania/Pacific
NOR,NO,Norway,Yonno Paalhaar,Yonno Paalhaar,Nordics
OMN,OM,Oman,Kars Veldhoen,Kars Veldhoen,Middle East
PAK,PK,Pakistan,Coen Kooyman,Coen Kooyman,South Asia
PLW,PW,Palau,Coen Kooyman,Coen Kooyman,Oceania/Pacific
PSE,PS,Palestine,Kars Veldhoen,Kars Veldhoen,Middle East
PAN,PA,Panama,AMER pool,Drew Samson / Michael Fotinatos / Nick Niemec / Randy Skipper,North America
PNG,PG,Papua New Guinea,Coen Kooyman,Coen Kooyman,Oceania/Pacific
PRY,PY,Paraguay,AMER pool,Drew Samson / Michael Fotinatos / Nick Niemec / Randy Skipper,South America
PER,PE,Peru,AMER pool,Drew Samson / Michael Fotinatos / Nick Niemec / Randy Skipper,South America
PHL,PH,Philippines,Coen Kooyman,Coen Kooyman,Southeast Asia
PCN,PN,Pitcairn Islands,Coen Kooyman,Coen Kooyman,Oceania/Pacific
POL,PL,Poland,Yonno Paalhaar,Yonno Paalhaar,Eastern Europe
PRT,PT,Portugal,Clément Fradet,Clément Fradet,Southern Europe
PRI,PR,Puerto Rico,AMER pool,Drew Samson / Michael Fotinatos / Nick Niemec / Randy Skipper,North America
QAT,QA,Qatar,Kars Veldhoen,Kars Veldhoen,Middle East
ROU,RO,Romania,Yonno Paalhaar,Yonno Paalhaar,Eastern Europe
RUS,RU,Russia,Yonno Paalhaar,Yonno Paalhaar,Eastern Europe
RWA,RW,Rwanda,Kars Veldhoen,Kars Veldhoen,Africa
REU,RE,Réunion,Kars Veldhoen,Kars Veldhoen,Africa
BLM,BL,Saint Barthélemy,AMER pool,Drew Samson / Michael Fotinatos / Nick Niemec / Randy Skipper,North America
SHN,SH,Saint Helena,Kars Veldhoen,Kars Veldhoen,Africa
KNA,KN,Saint Kitts and Nevis,AMER pool,Drew Samson / Michael Fotinatos / Nick Niemec / Randy Skipper,North America
LCA,LC,Saint Lucia,AMER pool,Drew Samson / Michael Fotinatos / Nick Niemec / Randy Skipper,North America
MAF,MF,Saint Martin,AMER pool,Drew Samson / Michael Fotinatos / Nick Niemec / Randy Skipper,North America
SPM,PM,Saint Pierre and Miquelon,AMER pool,Drew Samson / Michael Fotinatos / Nick Niemec / Randy Skipper,North America
VCT,VC,Saint Vincent and the Grenadines,AMER pool,Drew Samson / Michael Fotinatos / Nick Niemec / Randy Skipper,North America
WSM,WS,Samoa,Coen Kooyman,Coen Kooyman,Oceania/Pacific
SMR,SM,San Marino,Clément Fradet,Clément Fradet,Southern Europe
STP,ST,Sao Tome and Principe,Kars Veldhoen,Kars Veldhoen,Africa
SAU,SA,Saudi Arabia,Kars Veldhoen,Kars Veldhoen,Middle East
SEN,SN,Senegal,Kars Veldhoen,Kars Veldhoen,Africa
SRB,RS,Serbia,Yonno Paalhaar,Yonno Paalhaar,Eastern Europe
SYC,SC,Seychelles,Kars Veldhoen,Kars Veldhoen,Africa
SLE,SL,Sierra Leone,Kars Veldhoen,Kars Veldhoen,Africa
SGP,SG,Singapore,Coen Kooyman,Coen Kooyman,Southeast Asia
SXM,SX,Sint Maarten,AMER pool,Drew Samson / Michael Fotinatos / Nick Niemec / Randy Skipper,North America
SVK,SK,Slovakia,Yonno Paalhaar,Yonno Paalhaar,Eastern Europe
SVN,SI,Slovenia,Yonno Paalhaar,Yonno Paalhaar,Eastern Europe
SLB,SB,Solomon Islands,Coen Kooyman,Coen Kooyman,Oceania/Pacific
SOM,SO,Somalia,Kars Veldhoen,Kars Veldhoen,Africa
ZAF,ZA,South Africa,Kars Veldhoen,Kars Veldhoen,Africa
SGS,GS,South Georgia and the South Sandwich Islands,AMER pool,Drew Samson / Michael Fotinatos / Nick Niemec / Randy Skipper,South America
KOR,KR,South Korea,Coen Kooyman,Coen Kooyman,East Asia
SSD,SS,South Sudan,Kars Veldhoen,Kars Veldhoen,Africa
ESP,ES,Spain,Clément Fradet,Clément Fradet,Southern Europe
LKA,LK,Sri Lanka,Coen Kooyman,Coen Kooyman,South Asia
SDN,SD,Sudan,Kars Veldhoen,Kars Veldhoen,Africa
SUR,SR,Suriname,AMER pool,Drew Samson / Michael Fotinatos / Nick Niemec / Randy Skipper,South America
SJM,SJ,Svalbard and Jan Mayen,Yonno Paalhaar,Yonno Paalhaar,Nordics
SWE,SE,Sweden,Yonno Paalhaar,Yonno Paalhaar,Nordics
CHE,CH,Switzerland,Xenia Gangl,Xenia Gangl,DACH
SYR,SY,Syria,Kars Veldhoen,Kars Veldhoen,Middle East
TWN,TW,Taiwan,Coen Kooyman,Coen Kooyman,East Asia
TJK,TJ,Tajikistan,Coen Kooyman,Coen Kooyman,Central Asia
TZA,TZ,Tanzania,Kars Veldhoen,Kars Veldhoen,Africa
THA,TH,Thailand,Coen Kooyman,Coen Kooyman,Southeast Asia
TGO,TG,Togo,Kars Veldhoen,Kars Veldhoen,Africa
TKL,TK,Tokelau,Coen Kooyman,Coen Kooyman,Oceania/Pacific
TON,TO,Tonga,Coen Kooyman,Coen Kooyman,Oceania/Pacific
TTO,TT,Trinidad and Tobago,AMER pool,Drew Samson / Michael Fotinatos / Nick Niemec / Randy Skipper,North America
TUN,TN,Tunisia,Kars Veldhoen,Kars Veldhoen,Africa
TUR,TR,Turkey,Kars Veldhoen,Kars Veldhoen,Middle East
TKM,TM,Turkmenistan,Coen Kooyman,Coen Kooyman,Central Asia
TCA,TC,Turks and Caicos Islands,AMER pool,Drew Samson / Michael Fotinatos / Nick Niemec / Randy Skipper,North America
TUV,TV,Tuvalu,Coen Kooyman,Coen Kooyman,Oceania/Pacific
VIR,VI,U.S. Virgin Islands,AMER pool,Drew Samson / Michael Fotinatos / Nick Niemec / Randy Skipper,North America
UGA,UG,Uganda,Kars Veldhoen,Kars Veldhoen,Africa
UKR,UA,Ukraine,Yonno Paalhaar,Yonno Paalhaar,Eastern Europe
ARE,AE,United Arab Emirates,Kars Veldhoen,Kars Veldhoen,Middle East
GBR,GB,United Kingdom,Coen Kooyman & Oliver DiRisi,Coen Kooyman / Oliver DiRisi,UK&I
USA,US,United States,AMER pool,Drew Samson / Michael Fotinatos / Nick Niemec / Randy Skipper,North America
UMI,UM,United States Minor Outlying Islands,Coen Kooyman,Coen Kooyman,Oceania/Pacific
URY,UY,Uruguay,AMER pool,Drew Samson / Michael Fotinatos / Nick Niemec / Randy Skipper,South America
UZB,UZ,Uzbekistan,Coen Kooyman,Coen Kooyman,Central Asia
VUT,VU,Vanuatu,Coen Kooyman,Coen Kooyman,Oceania/Pacific
VAT,VA,Vatican City,Clément Fradet,Clément Fradet,Southern Europe
VEN,VE,Venezuela,AMER pool,Drew Samson / Michael Fotinatos / Nick Niemec / Randy Skipper,South America
VNM,VN,Vietnam,Coen Kooyman,Coen Kooyman,Southeast Asia
WLF,WF,Wallis and Futuna,Coen Kooyman,Coen Kooyman,Oceania/Pacific
ESH,EH,Western Sahara,Kars Veldhoen,Kars Veldhoen,Africa
YEM,YE,Yemen,Kars Veldhoen,Kars Veldhoen,Middle East
ZMB,ZM,Zambia,Kars Veldhoen,Kars Veldhoen,Africa
ZWE,ZW,Zimbabwe,Kars Veldhoen,Kars Veldhoen,Africa
ALA,AX,Åland Islands,Yonno Paalhaar,Yonno Paalhaar,Nordics
